{"meta": {"format": 3, "version": "7.13.5", "timestamp": "2026-04-19T15:34:57.260620", "branch_coverage": false, "show_contexts": false}, "files": {"src\\ui\\router.py": {"executed_lines": [2, 3, 4, 5, 6, 7, 8, 9, 10, 11, 12, 13, 14, 15, 16, 24, 25, 26, 29, 31, 32, 36, 38, 39, 40, 41, 42, 43, 46, 52, 53, 54, 55, 56, 59, 62, 63, 68, 71, 76, 77, 80, 81, 83, 86, 87, 89, 90, 95, 96, 99, 100, 102, 103, 104, 105, 107, 108, 111, 112, 113, 118, 119, 120, 122, 123, 124, 125, 132, 133, 139, 140, 142, 145, 146, 147, 149, 150, 153, 154, 161, 167, 168, 170, 171, 174, 175, 176, 179, 187, 195, 201, 206, 207, 208, 215, 221, 222, 232, 233, 234, 235, 243, 244, 250, 251, 252, 253, 254, 271, 272, 273, 276, 279, 280, 286, 287, 288, 291, 292, 296, 297, 298, 299, 300, 302, 303, 310, 311, 317, 318, 324, 325, 326, 328, 331, 332, 333, 334, 335, 336, 337, 338, 339, 341, 342, 344, 345, 346, 348, 354, 355, 360, 361, 362, 363, 366, 367, 372, 373, 374, 377, 378, 379, 380, 381, 393, 396, 402, 405, 408, 414, 415, 422, 423, 424, 426, 434, 435], "summary": {"covered_lines": 179, "num_statements": 180, "percent_covered": 99.44444444444444, "percent_covered_display": "99", "missing_lines": 1, "excluded_lines": 0, "percent_statements_covered": 99.44444444444444, "percent_statements_covered_display": "99"}, "missing_lines": [33], "excluded_lines": [], "functions": {"_webhook_base_url": {"executed_lines": [31, 32], "summary": {"covered_lines": 2, "num_statements": 3, "percent_covered": 66.66666666666667, "percent_covered_display": "67", "missing_lines": 1, "excluded_lines": 0, "percent_statements_covered": 66.66666666666667, "percent_statements_covered_display": "67"}, "missing_lines": [33], "excluded_lines": [], "start_line": 29}, "_get_accessible_repo": {"executed_lines": [38, 39, 40, 41, 42, 43], "summary": {"covered_lines": 6, "num_statements": 6, "percent_covered": 100.0, "percent_covered_display": "100", "missing_lines": 0, "excluded_lines": 0, "percent_statements_covered": 100.0, "percent_statements_covered_display": "100"}, "missing_lines": [], "excluded_lines": [], "start_line": 36}, "_delete_repo_cascade": {"executed_lines": [52, 53, 54, 55, 56, 59, 62, 63, 68, 71, 76, 77], "summary": {"covered_lines": 12, "num_statements": 12, "percent_covered": 100.0, "percent_covered_display": "100", "missing_lines": 0, "excluded_lines": 0, "percent_statements_covered": 100.0, "percent_statements_covered_display": "100"}, "missing_lines": [], "excluded_lines": [], "start_line": 46}, "add_repo_page": {"executed_lines": [83], "summary": {"covered_lines": 1, "num_statements": 1, "percent_covered": 100.0, "percent_covered_display": "100", "missing_lines": 0, "excluded_lines": 0, "percent_statements_covered": 100.0, "percent_statements_covered_display": "100"}, "missing_lines": [], "excluded_lines": [], "start_line": 81}, "github_repos_list": {"executed_lines": [89, 90, 95, 96], "summary": {"covered_lines": 4, "num_statements": 4, "percent_covered": 100.0, "percent_covered_display": "100", "missing_lines": 0, "excluded_lines": 0, "percent_statements_covered": 100.0, "percent_statements_covered_display": "100"}, "missing_lines": [], "excluded_lines": [], "start_line": 87}, "add_repo": {"executed_lines": [102, 103, 104, 105, 107, 108, 111, 112, 113, 118, 119, 120, 122, 123, 124, 125, 132, 133, 139, 140, 142, 145, 146, 147, 149, 150, 153, 154, 161], "summary": {"covered_lines": 29, "num_statements": 29, "percent_covered": 100.0, "percent_covered_display": "100", "missing_lines": 0, "excluded_lines": 0, "percent_statements_covered": 100.0, "percent_statements_covered_display": "100"}, "missing_lines": [], "excluded_lines": [], "start_line": 100}, "overview": {"executed_lines": [170, 171, 174, 175, 176, 179, 187, 195, 201, 206, 207, 208, 215], "summary": {"covered_lines": 13, "num_statements": 13, "percent_covered": 100.0, "percent_covered_display": "100", "missing_lines": 0, "excluded_lines": 0, "percent_statements_covered": 100.0, "percent_statements_covered_display": "100"}, "missing_lines": [], "excluded_lines": [], "start_line": 168}, "repo_settings": {"executed_lines": [232, 233, 234, 235], "summary": {"covered_lines": 4, "num_statements": 4, "percent_covered": 100.0, "percent_covered_display": "100", "missing_lines": 0, "excluded_lines": 0, "percent_statements_covered": 100.0, "percent_statements_covered_display": "100"}, "missing_lines": [], "excluded_lines": [], "start_line": 222}, "update_repo_settings": {"executed_lines": [250, 251, 252, 253, 254, 271, 272, 273, 276], "summary": {"covered_lines": 9, "num_statements": 9, "percent_covered": 100.0, "percent_covered_display": "100", "missing_lines": 0, "excluded_lines": 0, "percent_statements_covered": 100.0, "percent_statements_covered_display": "100"}, "missing_lines": [], "excluded_lines": [], "start_line": 244}, "reinstall_hook": {"executed_lines": [286, 287, 288, 291, 292, 296, 297, 298, 299, 300, 302, 303, 310, 311], "summary": {"covered_lines": 14, "num_statements": 14, "percent_covered": 100.0, "percent_covered_display": "100", "missing_lines": 0, "excluded_lines": 0, "percent_statements_covered": 100.0, "percent_statements_covered_display": "100"}, "missing_lines": [], "excluded_lines": [], "start_line": 280}, "reinstall_webhook": {"executed_lines": [324, 325, 326, 328, 331, 332, 333, 334, 335, 336, 337, 338, 339, 341, 342, 344, 345, 346, 348], "summary": {"covered_lines": 19, "num_statements": 19, "percent_covered": 100.0, "percent_covered_display": "100", "missing_lines": 0, "excluded_lines": 0, "percent_statements_covered": 100.0, "percent_statements_covered_display": "100"}, "missing_lines": [], "excluded_lines": [], "start_line": 318}, "delete_repo": {"executed_lines": [360, 361, 362, 363], "summary": {"covered_lines": 4, "num_statements": 4, "percent_covered": 100.0, "percent_covered_display": "100", "missing_lines": 0, "excluded_lines": 0, "percent_statements_covered": 100.0, "percent_statements_covered_display": "100"}, "missing_lines": [], "excluded_lines": [], "start_line": 355}, "analysis_detail": {"executed_lines": [372, 373, 374, 377, 378, 379, 380, 381, 393, 396, 402, 405, 408], "summary": {"covered_lines": 13, "num_statements": 13, "percent_covered": 100.0, "percent_covered_display": "100", "missing_lines": 0, "excluded_lines": 0, "percent_statements_covered": 100.0, "percent_statements_covered_display": "100"}, "missing_lines": [], "excluded_lines": [], "start_line": 367}, "repo_detail": {"executed_lines": [422, 423, 424, 426, 434, 435], "summary": {"covered_lines": 6, "num_statements": 6, "percent_covered": 100.0, "percent_covered_display": "100", "missing_lines": 0, "excluded_lines": 0, "percent_statements_covered": 100.0, "percent_statements_covered_display": "100"}, "missing_lines": [], "excluded_lines": [], "start_line": 415}, "": {"executed_lines": [2, 3, 4, 5, 6, 7, 8, 9, 10, 11, 12, 13, 14, 15, 16, 24, 25, 26, 29, 36, 46, 80, 81, 86, 87, 99, 100, 167, 168, 221, 222, 243, 244, 279, 280, 317, 318, 354, 355, 366, 367, 414, 415], "summary": {"covered_lines": 43, "num_statements": 43, "percent_covered": 100.0, "percent_covered_display": "100", "missing_lines": 0, "excluded_lines": 0, "percent_statements_covered": 100.0, "percent_statements_covered_display": "100"}, "missing_lines": [], "excluded_lines": [], "start_line": 1}},